<?xml version="1.0" encoding="UTF-8"?>
<feature
      id="com.quantum.dbunit.feature"
      label="com.quantum.dbunit.feature"
      version="3.3.10"
      provider-name="quantum.sourceforge.net">

   <description>
      This feature allows you to export database data to an external file using the DbUnit XML format, and import the data back.
   </description>

   <copyright>
      Copyright (c) 2000-2005 Quantum DB developers.
All rights reserved.   This program and the accompanying materials
are made available under the terms of the Common Public License
v1.0
which accompanies this distribution, and is available at
http://www.eclipse.org/legal/cpl-v10.html
This does not cover the copright of the dbunit library, that
is included as is allowed by its license.
   </copyright>

   <license url="http://www.eclipse.org/legal/cpl-v10.html">
      Common Public License - v 1.0
See http://www.eclipse.org/legal/cpl-v10.html for more details.
This does not apply to the dbunit library, that has its own license
terms.
   </license>

   <requires>
      <import plugin="com.quantum.Quantum"/>
      <import plugin="org.eclipse.ui"/>
      <import plugin="org.eclipse.swt"/>
      <import plugin="org.eclipse.core.runtime"/>
   </requires>

   <plugin
         id="com.quantum.dbunit"
         download-size="750"
         install-size="750"
         version="3.3.10"
         unpack="false"/>

</feature>
